{
  "products": [
    {
      "id": "p1",
      "name": "WAISTED TROUSERS",
      "img": "assets/img/men/6861370600_1_1_1.jpg",
      "imgback": "assets/img/men/6861370600_2_3_1.jpg",
      "tags": "&emsp;NEW&emsp;",
      "rating": "star-3",
      "price": "295.00 USD"
    },
    {
      "id": "p2",
      "name": "RED LABEL TROUSER",
      "img": "assets/img/men/6861370704_1_1_1.jpg",
      "imgback": "assets/img/men/6861370704_2_2_1.jpg",
      "tags": "",
      "rating": "star-5",
      "price": "185.00 USD"
    },
    {
      "id": "p3",
      "name": "Cotton Trousers",
      "img": "assets/img/men/6861370811_1_1_1.jpg",
      "imgback": "assets/img/men/6861370811_2_3_1.jpg",
      "tags": "",
      "rating": "star-1",
      "price": "200.00 USD"
    },
    {
      "id": "p4",
      "name": "Comfort Trousers",
      "img": "assets/img/men/0761327401_2_1_1.jpg",
      "imgback": "assets/img/men/0761327401_2_3_1.jpg",
      "tags": "",
      "rating": "star-3",
      "price": "534.00 USD"
    },
    {
      "id": "p5",
      "name": "Five Pocket Trouser",
      "img": "assets/img/men/5862300745_1_1_1.jpg",
      "imgback": "assets/img/men/5862300745_2_4_1.jpg",
      "tags": "",
      "rating": "star-5",
      "price": "121.00 USD"
    },
    {
      "id": "p6",
      "name": "False top trouser",
      "img": "assets/img/men/1259302250_1_1_1.jpg",
      "imgback": "assets/img/men/1259302250_2_3_1.jpg",
      "tags": "",
      "rating": "star-4",
      "price": "324.00 USD"
    },
    {
      "id": "p7",
      "name": "Linen Trousers",
      "img": "assets/img/men/5664590732_1_1_1.jpg",
      "imgback": "assets/img/men/5664590732_2_2_1.jpg",
      "tags": "",
      "rating": "star-4",
      "price": "210.00 USD"
    },
    {
      "id": "p8",
      "name": "Cotton Trouser",
      "img": "assets/img/men/1701302800_1_1_1.jpg",
      "imgback": "assets/img/men/1701302800_2_3_1.jpg",
      "tags": "",
      "rating": "star-3",
      "price": "185.00 USD"
    },
    {
      "id": "p9",
      "name": "Basic pique Trouser",
      "img": "assets/img/men/1701311681_1_1_1.jpg",
      "imgback": "assets/img/men/1701311681_2_2_1.jpg",
      "tags": "&emsp;BEST SELLER&emsp;",
      "rating": "star-3",
      "price": "250.00 USD"
    },
    {
      "id": "p10",
      "name": "Pique Shorts",
      "img": "assets/img/men/1701313401_1_1_1.jpg",
      "imgback": "assets/img/men/1701313401_2_2_1.jpg",
      "tags": "",
      "rating": "star-5",
      "price": "200.00 USD"
    },
    {
      "id": "p11",
      "name": "trouser Shorts",
      "img": "assets/img/men/1701313800_1_1_1.jpg",
      "imgback": "assets/img/men/1701313800_2_3_1.jpg",
      "tags": "",
      "rating": "star-4",
      "price": "250.00 USD"
    },
    {
      "id": "p12",
      "name": "Pique dark",
      "img": "assets/img/men/1792358052_1_1_1.jpg",
      "imgback": "assets/img/men/1792358052_2_2_1.jpg",
      "tags": "",
      "rating": "star-2",
      "price": "300.00 USD"
    },
    {
      "id": "p13",
      "name": "Cropped cut pants",
      "img": "assets/img/men/7248404401_1_1_1.jpg",
      "imgback": "assets/img/men/7248404401_2_2_1.jpg",
      "tags": "",
      "rating": "star-4",
      "price": "85.00 USD"
    }
  ]
}