{
  "$schema": "./node_modules/@angular/cli/lib/config/schema.json",
  "project": {
    "name": "library"
  },
  "apps": [
    {
      "root": "src",
      "outDir": "dist",
      "assets": [
        "assets",
        "favicon.ico"
            ],
      "index": "index.html",
      "main": "main.ts",
      "polyfills": "polyfills.ts",
      "test": "test.ts",
      "tsconfig": "tsconfig.app.json",
      "testTsconfig": "tsconfig.spec.json",
      "prefix": "app",
      "styles": [
        "styles.css",
        "assets/css/animate.css",
        "assets/css/custom-icons.css",
        "assets/css/font-awesome.min.css",        
        "assets/css/my-instagram-gallery.css",
        "assets/css/odometer-theme-default.css",
        "assets/css/prettyPhoto.css",
        "assets/css/slick.css",
        "../node_modules/bootstrap/dist/css/bootstrap.min.css"
      ],
      "scripts": [  
        "assets/js/modernizr-2.6.2-respond-1.1.0.min.js",
        "assets/js/jquery-1.11.3.min.js",
        "assets/js/bootstrap.min.js",
        "assets/js/packery.pkgd.min.js",
        "assets/js/masonry.pkgd.min.js",
        "assets/js/isotope.pkgd.min.js",
        "assets/js/jquery.stellar.min.js",
        "assets/js/my-instagram-gallery.js",
        "assets/js/slick.min.js",
        "assets/js/jquery.inview.js",
        "assets/js/odometer.min.js",
        "assets/js/tweetie.min.js",
        "assets/js/jquery.timeago.js",
        "assets/js/jquery.knob.min.js",
        "assets/js/css3-animate-it.js",
        "assets/js/imagesloaded.pkgd.min.js",
        "assets/js/jquery.prettyPhoto.js",
        "assets/js/main.js"
      ],
      "environmentSource": "environments/environment.ts",
      "environments": {
        "dev": "environments/environment.ts",
        "prod": "environments/environment.prod.ts"
      }
    }
  ],
  "e2e": {
    "protractor": {
      "config": "./protractor.conf.js"
    }
  },
  "lint": [
    {
      "project": "src/tsconfig.app.json",
      "exclude": "**/node_modules/**"
    },
    {
      "project": "src/tsconfig.spec.json",
      "exclude": "**/node_modules/**"
    },
    {
      "project": "e2e/tsconfig.e2e.json",
      "exclude": "**/node_modules/**"
    }
  ],
  "test": {
    "karma": {
      "config": "./karma.conf.js"
    }
  },
  "defaults": {
    "styleExt": "css",
    "component": {}
  }
}
